estimator,MaximumSequenceProbability,MeanTokenEntropy,Pooled_log_likelihood_max,Pooled_log_likelihood_max_noterm,Pooled_log_likelihood_mean,Pooled_log_likelihood_mean_noterm,Pooled_log_likelihood_min,Pooled_log_likelihood_min_noterm,SelfCertainty,SpilledEnergy_logit_max,SpilledEnergy_logit_max_noterm,SpilledEnergy_logit_mean,SpilledEnergy_logit_mean_noterm,SpilledEnergy_logit_min,SpilledEnergy_logit_min_noterm,SpilledEnergy_marginal_max,SpilledEnergy_marginal_max_noterm,SpilledEnergy_marginal_mean,SpilledEnergy_marginal_mean_noterm,SpilledEnergy_marginal_min,SpilledEnergy_marginal_min_noterm,SpilledEnergy_scaled_spilled_max,SpilledEnergy_scaled_spilled_max_noterm,SpilledEnergy_scaled_spilled_mean,SpilledEnergy_scaled_spilled_mean_noterm,SpilledEnergy_scaled_spilled_min,SpilledEnergy_scaled_spilled_min_noterm,SpilledEnergy_spilled_max,SpilledEnergy_spilled_max_noterm,SpilledEnergy_spilled_mean,SpilledEnergy_spilled_mean_noterm,SpilledEnergy_spilled_min,SpilledEnergy_spilled_min_noterm
MaximumSequenceProbability,1.0000,0.1239,0.9624,0.1271,0.7995,0.2516,0.3417,0.3396,0.1195,0.9364,0.0694,0.6323,0.2396,0.3275,0.3230,0.0615,0.0601,0.0485,0.2387,-0.0270,0.3222,0.9049,-0.1631,0.8085,0.1737,0.3185,0.3159,0.7801,-0.1046,0.8122,0.1770,0.3088,0.3060
MeanTokenEntropy,0.1239,1.0000,-0.0268,0.9151,-0.0385,0.9366,0.5170,0.5079,0.9005,0.0773,0.9187,0.6252,0.8787,0.6503,0.6192,0.8973,0.8967,0.9091,0.8593,0.6581,0.6158,-0.0459,-0.1265,0.0433,0.5491,0.3119,0.3089,0.0956,0.0760,0.1469,0.5675,0.2472,0.2442
Pooled_log_likelihood_max,0.9624,-0.0268,1.0000,-0.0122,0.8213,0.1054,0.2640,0.2645,-0.0025,0.9182,-0.0709,0.5338,0.1099,0.2334,0.2386,-0.0766,-0.0779,-0.0768,0.1124,-0.1032,0.2403,0.9097,-0.1448,0.8041,0.0889,0.2781,0.2767,0.7633,-0.1118,0.7860,0.0874,0.2748,0.2731
Pooled_log_likelihood_max_noterm,0.1271,0.9151,-0.0122,1.0000,-0.0591,0.9330,0.3170,0.3138,0.7860,0.0482,0.9012,0.5083,0.7710,0.4920,0.4660,0.8517,0.8525,0.7936,0.7404,0.4923,0.4641,-0.0545,0.0167,0.0201,0.5436,0.2110,0.2075,0.0826,0.1978,0.1363,0.6165,0.1543,0.1510
Pooled_log_likelihood_mean,0.7995,-0.0385,0.8213,-0.0591,1.0000,0.1429,0.3942,0.4278,0.0091,0.8089,-0.1318,0.6118,0.1590,0.3293,0.3738,-0.1418,-0.1429,-0.1006,0.1613,-0.0334,0.3710,0.7699,-0.2973,0.9321,0.2141,0.4670,0.4697,0.6398,-0.2676,0.9027,0.2035,0.4690,0.4718
Pooled_log_likelihood_mean_noterm,0.2516,0.9366,0.1054,0.9330,0.1429,1.0000,0.5095,0.5282,0.8292,0.1809,0.8582,0.6765,0.8538,0.6328,0.6245,0.8160,0.8165,0.8045,0.8254,0.5476,0.6174,0.0722,-0.1049,0.2264,0.6239,0.3755,0.3741,0.1755,0.0801,0.3325,0.6716,0.3199,0.3186
Pooled_log_likelihood_min,0.3417,0.5170,0.2640,0.3170,0.3942,0.5095,1.0000,0.9736,0.6454,0.3642,0.3716,0.7588,0.6766,0.8161,0.8143,0.3886,0.3876,0.5905,0.6876,0.6505,0.8065,0.2444,-0.6084,0.4668,0.4219,0.6563,0.6551,0.2153,-0.4624,0.4684,0.2809,0.6061,0.6046
Pooled_log_likelihood_min_noterm,0.3396,0.5079,0.2645,0.3138,0.4278,0.5282,0.9736,1.0000,0.6333,0.3670,0.3618,0.7691,0.6877,0.8086,0.8345,0.3753,0.3745,0.5694,0.6959,0.6270,0.8245,0.2495,-0.5873,0.4965,0.4559,0.6829,0.6852,0.2122,-0.4411,0.4934,0.3186,0.6351,0.6374
SelfCertainty,0.1195,0.9005,-0.0025,0.7860,0.0091,0.8292,0.6454,0.6333,1.0000,0.1201,0.8723,0.7380,0.9606,0.8164,0.7943,0.8763,0.8753,0.9822,0.9580,0.8138,0.7941,-0.0238,-0.3433,0.1043,0.5670,0.4765,0.4755,0.0906,-0.1233,0.1696,0.4904,0.3992,0.3982
SpilledEnergy_logit_max,0.9364,0.0773,0.9182,0.0482,0.8089,0.1809,0.3642,0.3670,0.1201,1.0000,0.0352,0.6427,0.2181,0.3238,0.3355,0.0383,0.0347,0.0482,0.2237,0.0825,0.3354,0.9418,-0.1839,0.7986,0.1521,0.3303,0.3333,0.8526,-0.1260,0.8060,0.1539,0.3204,0.3232
SpilledEnergy_logit_max_noterm,0.0694,0.9187,-0.0709,0.9012,-0.1318,0.8582,0.3716,0.3618,0.8723,0.0352,1.0000,0.5591,0.8501,0.5534,0.5254,0.9907,0.9914,0.8913,0.8350,0.5899,0.5251,-0.0876,0.0124,-0.0377,0.5222,0.1900,0.1888,0.0750,0.2290,0.0827,0.5946,0.1180,0.1169
SpilledEnergy_logit_mean,0.6323,0.6252,0.5338,0.5083,0.6118,0.6765,0.7588,0.7691,0.7380,0.6427,0.5591,1.0000,0.8337,0.8670,0.8760,0.5669,0.5648,0.6624,0.8394,0.5888,0.8746,0.5071,-0.4808,0.6845,0.5720,0.6877,0.6886,0.4836,-0.2899,0.7126,0.4894,0.6276,0.6284
SpilledEnergy_logit_mean_noterm,0.2396,0.8787,0.1099,0.7710,0.1590,0.8538,0.6766,0.6877,0.9606,0.2181,0.8501,0.8337,1.0000,0.8678,0.8756,0.8516,0.8513,0.9356,0.9977,0.7523,0.8748,0.0782,-0.3854,0.2755,0.6749,0.5946,0.5956,0.1439,-0.1642,0.3296,0.5858,0.5213,0.5224
SpilledEnergy_logit_min,0.3275,0.6503,0.2334,0.4920,0.3293,0.6328,0.8161,0.8086,0.8164,0.3238,0.5534,0.8670,0.8678,1.0000,0.9686,0.5631,0.5618,0.7727,0.8782,0.7754,0.9672,0.1750,-0.7003,0.4425,0.5740,0.7841,0.7788,0.1414,-0.5093,0.4270,0.3505,0.7192,0.7139
SpilledEnergy_logit_min_noterm,0.3230,0.6192,0.2386,0.4660,0.3738,0.6245,0.8143,0.8345,0.7943,0.3355,0.5254,0.8760,0.8756,0.9686,1.0000,0.5346,0.5336,0.7399,0.8863,0.7522,0.9990,0.1915,-0.6839,0.4916,0.6506,0.8325,0.8341,0.1434,-0.5041,0.4714,0.4321,0.7728,0.7745
SpilledEnergy_marginal_max,0.0615,0.8973,-0.0766,0.8517,-0.1418,0.8160,0.3886,0.3753,0.8763,0.0383,0.9907,0.5669,0.8516,0.5631,0.5346,1.0000,0.9994,0.8957,0.8421,0.6009,0.5354,-0.0825,0.0028,-0.0453,0.4967,0.1820,0.1815,0.0825,0.2254,0.0706,0.5612,0.1066,0.1060
SpilledEnergy_marginal_max_noterm,0.0601,0.8967,-0.0779,0.8525,-0.1429,0.8165,0.3876,0.3745,0.8753,0.0347,0.9914,0.5648,0.8513,0.5618,0.5336,0.9994,1.0000,0.8951,0.8416,0.5988,0.5345,-0.0856,0.0077,-0.0457,0.4987,0.1811,0.1806,0.0794,0.2306,0.0704,0.5637,0.1060,0.1054
SpilledEnergy_marginal_mean,0.0485,0.9091,-0.0768,0.7936,-0.1006,0.8045,0.5905,0.5694,0.9822,0.0482,0.8913,0.6624,0.9356,0.7727,0.7399,0.8957,0.8951,1.0000,0.9336,0.8159,0.7408,-0.0888,-0.3079,0.0011,0.5302,0.4132,0.4110,0.0390,-0.0913,0.0679,0.4525,0.3363,0.3340
SpilledEnergy_marginal_mean_noterm,0.2387,0.8593,0.1124,0.7404,0.1613,0.8254,0.6876,0.6959,0.9580,0.2237,0.8350,0.8394,0.9977,0.8782,0.8863,0.8421,0.8416,0.9336,1.0000,0.7620,0.8863,0.0828,-0.4053,0.2800,0.6654,0.6057,0.6068,0.1442,-0.1833,0.3292,0.5660,0.5321,0.5332
SpilledEnergy_marginal_min,-0.0270,0.6581,-0.1032,0.4923,-0.0334,0.5476,0.6505,0.6270,0.8138,0.0825,0.5899,0.5888,0.7523,0.7754,0.7522,0.6009,0.5988,0.8159,0.7620,1.0000,0.7517,-0.1090,-0.4706,0.0549,0.4815,0.5369,0.5403,-0.0458,-0.3003,0.0628,0.2929,0.4751,0.4787
SpilledEnergy_marginal_min_noterm,0.3222,0.6158,0.2403,0.4641,0.3710,0.6174,0.8065,0.8245,0.7941,0.3354,0.5251,0.8746,0.8748,0.9672,0.9990,0.5354,0.5345,0.7408,0.8863,0.7517,1.0000,0.1924,-0.6840,0.4900,0.6493,0.8320,0.8337,0.1454,-0.5029,0.4693,0.4306,0.7725,0.7742
SpilledEnergy_scaled_spilled_max,0.9049,-0.0459,0.9097,-0.0545,0.7699,0.0722,0.2444,0.2495,-0.0238,0.9418,-0.0876,0.5071,0.0782,0.1750,0.1915,-0.0825,-0.0856,-0.0888,0.0828,-0.1090,0.1924,1.0000,-0.0800,0.7769,0.0680,0.2457,0.2478,0.9169,-0.0536,0.7845,0.0980,0.2512,0.2532
SpilledEnergy_scaled_spilled_max_noterm,-0.1631,-0.1265,-0.1448,0.0167,-0.2973,-0.1049,-0.6084,-0.5873,-0.3433,-0.1839,0.0124,-0.4808,-0.3854,-0.7003,-0.6839,0.0028,0.0077,-0.3079,-0.4053,-0.4706,-0.6840,-0.0800,1.0000,-0.3376,-0.2281,-0.7119,-0.7038,0.0669,0.9558,-0.2297,0.0943,-0.6853,-0.6769
SpilledEnergy_scaled_spilled_mean,0.8085,0.0433,0.8041,0.0201,0.9321,0.2264,0.4668,0.4965,0.1043,0.7986,-0.0377,0.6845,0.2755,0.4425,0.4916,-0.0453,-0.0457,0.0011,0.2800,0.0549,0.4900,0.7769,-0.3376,1.0000,0.4366,0.6209,0.6230,0.6178,-0.2938,0.9746,0.3793,0.6238,0.6259
SpilledEnergy_scaled_spilled_mean_noterm,0.1737,0.5491,0.0889,0.5436,0.2141,0.6239,0.4219,0.4559,0.5670,0.1521,0.5222,0.5720,0.6749,0.5740,0.6506,0.4967,0.4987,0.5302,0.6654,0.4815,0.6493,0.0680,-0.2281,0.4366,1.0000,0.7191,0.7221,0.0528,-0.1141,0.4649,0.8876,0.7074,0.7104
SpilledEnergy_scaled_spilled_min,0.3185,0.3119,0.2781,0.2110,0.4670,0.3755,0.6563,0.6829,0.4765,0.3303,0.1900,0.6877,0.5946,0.7841,0.8325,0.1820,0.1811,0.4132,0.6057,0.5369,0.8320,0.2457,-0.7119,0.6209,0.7191,1.0000,0.9984,0.1339,-0.6100,0.5588,0.4445,0.9916,0.9900
SpilledEnergy_scaled_spilled_min_noterm,0.3159,0.3089,0.2767,0.2075,0.4697,0.3741,0.6551,0.6852,0.4755,0.3333,0.1888,0.6886,0.5956,0.7788,0.8341,0.1815,0.1806,0.4110,0.6068,0.5403,0.8337,0.2478,-0.7038,0.6230,0.7221,0.9984,1.0000,0.1371,-0.6020,0.5609,0.4486,0.9900,0.9916
SpilledEnergy_spilled_max,0.7801,0.0956,0.7633,0.0826,0.6398,0.1755,0.2153,0.2122,0.0906,0.8526,0.0750,0.4836,0.1439,0.1414,0.1434,0.0825,0.0794,0.0390,0.1442,-0.0458,0.1454,0.9169,0.0669,0.6178,0.0528,0.1339,0.1371,1.0000,0.1327,0.6752,0.1646,0.1348,0.1378
SpilledEnergy_spilled_max_noterm,-0.1046,0.0760,-0.1118,0.1978,-0.2676,0.0801,-0.4624,-0.4411,-0.1233,-0.1260,0.2290,-0.2899,-0.1642,-0.5093,-0.5041,0.2254,0.2306,-0.0913,-0.1833,-0.3003,-0.5029,-0.0536,0.9558,-0.2938,-0.1141,-0.6100,-0.6020,0.1327,1.0000,-0.1663,0.2135,-0.6053,-0.5970
SpilledEnergy_spilled_mean,0.8122,0.1469,0.7860,0.1363,0.9027,0.3325,0.4684,0.4934,0.1696,0.8060,0.0827,0.7126,0.3296,0.4270,0.4714,0.0706,0.0704,0.0679,0.3292,0.0628,0.4693,0.7845,-0.2297,0.9746,0.4649,0.5588,0.5609,0.6752,-0.1663,1.0000,0.4824,0.5590,0.5611
SpilledEnergy_spilled_mean_noterm,0.1770,0.5675,0.0874,0.6165,0.2035,0.6716,0.2809,0.3186,0.4904,0.1539,0.5946,0.4894,0.5858,0.3505,0.4321,0.5612,0.5637,0.4525,0.5660,0.2929,0.4306,0.0980,0.0943,0.3793,0.8876,0.4445,0.4486,0.1646,0.2135,0.4824,1.0000,0.4359,0.4400
SpilledEnergy_spilled_min,0.3088,0.2472,0.2748,0.1543,0.4690,0.3199,0.6061,0.6351,0.3992,0.3204,0.1180,0.6276,0.5213,0.7192,0.7728,0.1066,0.1060,0.3363,0.5321,0.4751,0.7725,0.2512,-0.6853,0.6238,0.7074,0.9916,0.9900,0.1348,-0.6053,0.5590,0.4359,1.0000,0.9984
SpilledEnergy_spilled_min_noterm,0.3060,0.2442,0.2731,0.1510,0.4718,0.3186,0.6046,0.6374,0.3982,0.3232,0.1169,0.6284,0.5224,0.7139,0.7745,0.1060,0.1054,0.3340,0.5332,0.4787,0.7742,0.2532,-0.6769,0.6259,0.7104,0.9900,0.9916,0.1378,-0.5970,0.5611,0.4400,0.9984,1.0000
